<?xml version="1.0" encoding="UTF-8"?>

<configuration>
    <appender name="STDOUT" class="ch.qos.logback.core.ConsoleAppender">
        <!-- encoder的默认实现类是ch.qos.logback.classic.encoder.PatternLayoutEncoder -->
        <encoder>
            <pattern>%d{HH:mm:ss} - %msg%n</pattern>
        </encoder>
    </appender>

    <!--    <logger name="com.john.logging.b" level="INFO">-->
    <!--        <appender-ref ref="STDOUT"/>-->
    <!--    </logger>-->

    <root level="ERROR">
        <appender-ref ref="STDOUT"/>
    </root>
</configuration>